{
    "attempts": [
        {
            "boundaryAllowance": 2,
            "count": 0,
            "error": ""
        }
    ],
    "boundary": {
        "components": 0,
        "cornerDefects": 0,
        "cornerEnergy": null,
        "energy": null,
        "holes": 0,
        "maximumBoundaryDistance": 0,
        "maximumCornerDistance": null,
        "maximumExcessTurnDegrees": 0,
        "protectedCorners": 28,
        "samples": 0,
        "tangentEnergy": 0,
        "turnEnergy": 0
    },
    "boundaryCandidates": 250,
    "cancelled": true,
    "count": 0,
    "curveCandidates": 250,
    "curveJobs": 1813,
    "deepMissingArea": 190232.42844274326,
    "elapsedMilliseconds": 142716,
    "error": "",
    "greedyCount": 0,
    "missingArea": 190232.42844274326,
    "processedCurveJobs": 476,
    "profileFits": 61307,
    "profileTrialBudget": 640000,
    "profileTrials": 167899,
    "profiles": 484,
    "request": {
        "boundaryTolerance": 0.1,
        "discardNegligiblePlacements": true,
        "loops": [
            {
                "kind": "outer",
                "points": [
                    {
                        "kind": "hard",
                        "position": [
                            -39.652712107467096,
                            589.5831957808866
                        ]
                    },
                    {
                        "kind": "soft",
                        "position": [
                            -73.71826792920092,
                            588.9179579866561
                        ]
                    },
                    {
                        "kind": "soft",
                        "position": [
                            -73.2142929400959,
                            573.7032708939169
                        ]
                    },
                    {
                        "kind": "soft",
                        "position": [
                            -73.41562500000009,
                            575.6690601447656
                        ]
                    },
                    {
                        "kind": "soft",
                        "position": [
                            -83.85278012126844,
                            572.4357278518146
                        ]
                    },
                    {
                        "kind": "soft",
                        "position": [
                            -77.40055116075303,
                            571.2715614083604
                        ]
                    },
                    {
                        "kind": "hard",
                        "position": [
                            -79,
                            570.755558611432
                        ]
                    },
                    {
                        "kind": "hard",
                        "position": [
                            -91,
                            567.5874665673037
                        ]
                    },
                    {
                        "kind": "soft",
                        "position": [
                            -117.49981464349878,
                            554.3789975525185
                        ]
                    },
                    {
                        "kind": "hard",
                        "position": [
                            -136.8510102888942,
                            540.3070050801578
                        ]
                    },
                    {
                        "kind": "hard",
                        "position": [
                            -148.5664434037011,
                            531.524752415571
                        ]
                    },
                    {
                        "kind": "soft",
                        "position": [
                            -167.34231546978765,
                            518.9829558076751
                        ]
                    },
                    {
                        "kind": "hard",
                        "position": [
                            -180.08185039631644,
                            502.0257993647581
                        ]
                    },
                    {
                        "kind": "soft",
                        "position": [
                            -195.10861845941702,
                            477.8311231131756
                        ]
                    },
                    {
                        "kind": "hard",
                        "position": [
                            -207.62381664780696,
                            447.5
                        ]
                    },
                    {
                        "kind": "hard",
                        "position": [
                            -212.21609148586515,
                            436.9713140204592
                        ]
                    },
                    {
                        "kind": "hard",
                        "position": [
                            -227.04902602162565,
                            392.5
                        ]
                    },
                    {
                        "kind": "soft",
                        "position": [
                            -241.6377393016416,
                            338.7580536853404
                        ]
                    },
                    {
                        "kind": "hard",
                        "position": [
                            -240.99916423447502,
                            290.75
                        ]
                    },
                    {
                        "kind": "soft",
                        "position": [
                            -241.02531643801257,
                            271.5004178827626
                        ]
                    },
                    {
                        "kind": "soft",
                        "position": [
                            -242.93171973154847,
                            271.5498400126753
                        ]
                    },
                    {
                        "kind": "soft",
                        "position": [
                            -243.17599874884513,
                            285.82494395944127
                        ]
                    },
                    {
                        "kind": "soft",
                        "position": [
                            -245.80643612430538,
                            280.7381398563545
                        ]
                    },
                    {
                        "kind": "hard",
                        "position": [
                            -243.96940269497924,
                            308.0501057350909
                        ]
                    },
                    {
                        "kind": "soft",
                        "position": [
                            -240.36945671352987,
                            359.7537717694966
                        ]
                    },
                    {
                        "kind": "hard",
                        "position": [
                            -222.0631135135045,
                            418.1763352529824
                        ]
                    },
                    {
                        "kind": "soft",
                        "position": [
                            -204.80115789582476,
                            471.7792979487599
                        ]
                    },
                    {
                        "kind": "hard",
                        "position": [
                            -198.3388356832271,
                            482.67216901656036
                        ]
                    },
                    {
                        "kind": "hard",
                        "position": [
                            -206,
                            458.26823236707736
                        ]
                    },
                    {
                        "kind": "soft",
                        "position": [
                            -205.26642206783038,
                            459.06777106326103
                        ]
                    },
                    {
                        "kind": "soft",
                        "position": [
                            -189.26365435620284,
                            491.35046678469405
                        ]
                    },
                    {
                        "kind": "soft",
                        "position": [
                            -176.4958471524426,
                            508.4700500846142
                        ]
                    },
                    {
                        "kind": "soft",
                        "position": [
                            -177.3949795514614,
                            509.93521818312047
                        ]
                    },
                    {
                        "kind": "soft",
                        "position": [
                            -186.03717088236908,
                            501.757042802417
                        ]
                    },
                    {
                        "kind": "hard",
                        "position": [
                            -187.97942807197262,
                            500
                        ]
                    },
                    {
                        "kind": "hard",
                        "position": [
                            -205.71974384299472,
                            482.47941424967854
                        ]
                    },
                    {
                        "kind": "hard",
                        "position": [
                            -229.22103183525599,
                            445
                        ]
                    },
                    {
                        "kind": "soft",
                        "position": [
                            -240.89614042425472,
                            421.8953030263823
                        ]
                    },
                    {
                        "kind": "hard",
                        "position": [
                            -231.85523687104637,
                            442.20220768889214
                        ]
                    },
                    {
                        "kind": "hard",
                        "position": [
                            -212.0886464051531,
                            475.87576680253244
                        ]
                    },
                    {
                        "kind": "hard",
                        "position": [
                            -207.31888062202052,
                            483.65221395535406
                        ]
                    },
                    {
                        "kind": "hard",
                        "position": [
                            -227.1953233434337,
                            460
                        ]
                    },
                    {
                        "kind": "soft",
                        "position": [
                            -257.709618262211,
                            413.2590521433972
                        ]
                    },
                    {
                        "kind": "hard",
                        "position": [
                            -280.2896766057322,
                            345
                        ]
                    },
                    {
                        "kind": "soft",
                        "position": [
                            -293.60153446294487,
                            309.0101019667936
                        ]
                    },
                    {
                        "kind": "hard",
                        "position": [
                            -291.92127156643096,
                            250
                        ]
                    },
                    {
                        "kind": "hard",
                        "position": [
                            -291.8912092593856,
                            219.5
                        ]
                    },
                    {
                        "kind": "hard",
                        "position": [
                            -290.34296802877117,
                            207.32369863789506
                        ]
                    },
                    {
                        "kind": "hard",
                        "position": [
                            -288.5074021674933,
                            212.66534863862876
                        ]
                    },
                    {
                        "kind": "soft",
                        "position": [
                            -285.78703355528825,
                            221.11115840807952
                        ]
                    },
                    {
                        "kind": "hard",
                        "position": [
                            -288.47999942007226,
                            208.5
                        ]
                    },
                    {
                        "kind": "hard",
                        "position": [
                            -293.96306888571667,
                            183.11218691413114
                        ]
                    },
                    {
                        "kind": "hard",
                        "position": [
                            -304.1325951106945,
                            155.14892555013864
                        ]
                    },
                    {
                        "kind": "soft",
                        "position": [
                            -306.8356833710891,
                            150.23294561783973
                        ]
                    },
                    {
                        "kind": "soft",
                        "position": [
                            -305.93143775277946,
                            149.7284597157667
                        ]
                    },
                    {
                        "kind": "soft",
                        "position": [
                            -295.8216551720567,
                            163.39854771869875
                        ]
                    },
                    {
                        "kind": "soft",
                        "position": [
                            -291.98886390895643,
                            165.3701071535313
                        ]
                    },
                    {
                        "kind": "soft",
                        "position": [
                            -288.3123656915857,
                            171.86427881886038
                        ]
                    },
                    {
                        "kind": "hard",
                        "position": [
                            -282.6014796392865,
                            178.84231790369086
                        ]
                    },
                    {
                        "kind": "soft",
                        "position": [
                            -270.3059235494343,
                            193.57402787053252
                        ]
                    },
                    {
                        "kind": "soft",
                        "position": [
                            -268.75743866867583,
                            200.90213532861333
                        ]
                    },
                    {
                        "kind": "hard",
                        "position": [
                            -266.83724119626413,
                            204.65232693500855
                        ]
                    },
                    {
                        "kind": "hard",
                        "position": [
                            -264.79048771671285,
                            208.5
                        ]
                    },
                    {
                        "kind": "hard",
                        "position": [
                            -265.42734525508877,
                            205
                        ]
                    },
                    {
                        "kind": "soft",
                        "position": [
                            -266.09202248264467,
                            201.2214806043545
                        ]
                    },
                    {
                        "kind": "soft",
                        "position": [
                            -268.3823340521,
                            187.3783811765362
                        ]
                    },
                    {
                        "kind": "soft",
                        "position": [
                            -278.96768644678275,
                            158.18398060435447
                        ]
                    },
                    {
                        "kind": "soft",
                        "position": [
                            -284.59316956179174,
                            142.8499999999999
                        ]
                    },
                    {
                        "kind": "hard",
                        "position": [
                            -286.5161691285635,
                            139
                        ]
                    },
                    {
                        "kind": "soft",
                        "position": [
                            -290.5009323653935,
                            129.8341730549539
                        ]
                    },
                    {
                        "kind": "hard",
                        "position": [
                            -286.24999999999994,
                            122.34562950060001
                        ]
                    },
                    {
                        "kind": "soft",
                        "position": [
                            -284.19687499999986,
                            119.3188727891121
                        ]
                    },
                    {
                        "kind": "soft",
                        "position": [
                            -283.1031250000002,
                            115.0495883977544
                        ]
                    },
                    {
                        "kind": "soft",
                        "position": [
                            -264.13047609153193,
                            95.8709651789419
                        ]
                    },
                    {
                        "kind": "hard",
                        "position": [
                            -260.45544104607995,
                            91.88444724845192
                        ]
                    },
                    {
                        "kind": "soft",
                        "position": [
                            -243.49877291447353,
                            75.32106754810718
                        ]
                    },
                    {
                        "kind": "hard",
                        "position": [
                            -232.31002860766824,
                            70
                        ]
                    },
                    {
                        "kind": "hard",
                        "position": [
                            -232.4402944414158,
                            73.75
                        ]
                    },
                    {
                        "kind": "hard",
                        "position": [
                            -235.52486838445668,
                            110.95976210870367
                        ]
                    },
                    {
                        "kind": "soft",
                        "position": [
                            -235.13449044063003,
                            112.52249498199012
                        ]
                    },
                    {
                        "kind": "soft",
                        "position": [
                            -234.02588185442255,
                            134.41569863728319
                        ]
                    },
                    {
                        "kind": "soft",
                        "position": [
                            -230.5259600319999,
                            154.96669162553007
                        ]
                    },
                    {
                        "kind": "soft",
                        "position": [
                            -231.95382343386723,
                            186.63863800773765
                        ]
                    },
                    {
                        "kind": "hard",
                        "position": [
                            -231.3204423958082,
                            192.0793906891713
                        ]
                    },
                    {
                        "kind": "hard",
                        "position": [
                            -230.56268657976648,
                            196.5
                        ]
                    },
                    {
                        "kind": "hard",
                        "position": [
                            -229.86894910171316,
                            191.5
                        ]
                    },
                    {
                        "kind": "hard",
                        "position": [
                            -225.90202430168506,
                            155
                        ]
                    },
                    {
                        "kind": "soft",
                        "position": [
                            -217.94094014774953,
                            121.48507432815995
                        ]
                    },
                    {
                        "kind": "soft",
                        "position": [
                            -219.58236516140175,
                            60.769472783010315
                        ]
                    },
                    {
                        "kind": "hard",
                        "position": [
                            -217.83918037085311,
                            69.76081962914645
                        ]
                    },
                    {
                        "kind": "hard",
                        "position": [
                            -209.38395649466895,
                            95
                        ]
                    },
                    {
                        "kind": "soft",
                        "position": [
                            -206.68251860650412,
                            104.25743901534463
                        ]
                    },
                    {
                        "kind": "soft",
                        "position": [
                            -205.75132717076838,
                            130.35520833333146
                        ]
                    },
                    {
                        "kind": "soft",
                        "position": [
                            -205.0322334437143,
                            131.53337767961887
                        ]
                    },
                    {
                        "kind": "soft",
                        "position": [
                            -204.9395808450986,
                            115.49271740324582
                        ]
                    },
                    {
                        "kind": "hard",
                        "position": [
                            -204.08059127626893,
                            115.45019185206911
                        ]
                    },
                    {
                        "kind": "soft",
                        "position": [
                            -194.96435509656692,
                            93.46398952792697
                        ]
                    },
                    {
                        "kind": "hard",
                        "position": [
                            -190.71676622171424,
                            52.75
                        ]
                    },
                    {
                        "kind": "hard",
                        "position": [
                            -190.53760601326383,
                            50
                        ]
                    },
                    {
                        "kind": "hard",
                        "position": [
                            -186,
                            58.11617717613467
                        ]
                    },
                    {
                        "kind": "soft",
                        "position": [
                            -186.09046630220433,
                            58.97446026804732
                        ]
                    },
                    {
                        "kind": "soft",
                        "position": [
                            -187.49311858883306,
                            58.85131393643678
                        ]
                    },
                    {
                        "kind": "soft",
                        "position": [
                            -177.48421630220435,
                            78.84797397176646
                        ]
                    },
                    {
                        "kind": "soft",
                        "position": [
                            -176.82500000000005,
                            82.79346252278845
                        ]
                    },
                    {
                        "kind": "hard",
                        "position": [
                            -175,
                            86.49999999999989
                        ]
                    },
                    {
                        "kind": "soft",
                        "position": [
                            -171.14608099972588,
                            93.53867458758737
                        ]
                    },
                    {
                        "kind": "hard",
                        "position": [
                            -175.137562961544,
                            96.59501243788804
                        ]
                    },
                    {
                        "kind": "hard",
                        "position": [
                            -200.56658557579505,
                            128.5366360207405
                        ]
                    },
                    {
                        "kind": "hard",
                        "position": [
                            -214.00000000000006,
                            155.67617336786373
                        ]
                    },
                    {
                        "kind": "soft",
                        "position": [
                            -213.17431548041384,
                            156.88831999836657
                        ]
                    },
                    {
                        "kind": "soft",
                        "position": [
                            -191.79117994332364,
                            116.34216784812145
                        ]
                    },
                    {
                        "kind": "hard",
                        "position": [
                            -177.0824684778686,
                            102.9800318440166
                        ]
                    },
                    {
                        "kind": "soft",
                        "position": [
                            -152.27787308860547,
                            79.02918790490662
                        ]
                    },
                    {
                        "kind": "hard",
                        "position": [
                            -119,
                            70.0533645129683
                        ]
                    },
                    {
                        "kind": "hard",
                        "position": [
                            -104.27125100607043,
                            65.97291510891228
                        ]
                    },
                    {
                        "kind": "soft",
                        "position": [
                            -95.62844156419942,
                            63.19769912902632
                        ]
                    },
                    {
                        "kind": "hard",
                        "position": [
                            -104.64128603738914,
                            69.421297461819
                        ]
                    },
                    {
                        "kind": "soft",
                        "position": [
                            -110.82303005256335,
                            73.77465436447437
                        ]
                    },
                    {
                        "kind": "soft",
                        "position": [
                            -130.28451896989463,
                            92.34191361243461
                        ]
                    },
                    {
                        "kind": "hard",
                        "position": [
                            -134.82386351683522,
                            103.11579897259776
                        ]
                    },
                    {
                        "kind": "hard",
                        "position": [
                            -151,
                            147.1883234502534
                        ]
                    },
                    {
                        "kind": "soft",
                        "position": [
                            -149.89457735009347,
                            151.921669686271
                        ]
                    },
                    {
                        "kind": "hard",
                        "position": [
                            -161.4198168452587,
                            146.56302951579437
                        ]
                    },
                    {
                        "kind": "soft",
                        "position": [
                            -169.41973727041386,
                            143.23424914922975
                        ]
                    },
                    {
                        "kind": "soft",
                        "position": [
                            -178.19221667887336,
                            141.6593647031791
                        ]
                    },
                    {
                        "kind": "soft",
                        "position": [
                            -185.09509895860788,
                            137.93090013848393
                        ]
                    },
                    {
                        "kind": "hard",
                        "position": [
                            -184.5,
                            138.637385629704
                        ]
                    },
                    {
                        "kind": "hard",
                        "position": [
                            -161,
                            157.53853566450107
                        ]
                    },
                    {
                        "kind": "soft",
                        "position": [
                            -144.14784828683952,
                            168.87150725388017
                        ]
                    },
                    {
                        "kind": "hard",
                        "position": [
                            -164.8499134468123,
                            161.40724140887562
                        ]
                    },
                    {
                        "kind": "soft",
                        "position": [
                            -174.2999441405886,
                            158.30666541028222
                        ]
                    },
                    {
                        "kind": "soft",
                        "position": [
                            -177.6927608641074,
                            158.40075282021917
                        ]
                    },
                    {
                        "kind": "soft",
                        "position": [
                            -200.2403941863722,
                            148.46331933868112
                        ]
                    },
                    {
                        "kind": "soft",
                        "position": [
                            -205.21835199279508,
                            148.26270425192263
                        ]
                    },
                    {
                        "kind": "hard",
                        "position": [
                            -192.72524432897177,
                            153.54185772875292
                        ]
                    },
                    {
                        "kind": "soft",
                        "position": [
                            -182.8057745798385,
                            157.7710775891984
                        ]
                    },
                    {
                        "kind": "soft",
                        "position": [
                            -187.8228338787851,
                            158.90184692012338
                        ]
                    },
                    {
                        "kind": "hard",
                        "position": [
                            -188,
                            159.29936121435128
                        ]
                    },
                    {
                        "kind": "hard",
                        "position": [
                            -169.75572772939546,
                            169.13387862552793
                        ]
                    },
                    {
                        "kind": "soft",
                        "position": [
                            -161.93299966041764,
                            172.03908981730183
                        ]
                    },
                    {
                        "kind": "soft",
                        "position": [
                            -155.04880766827876,
                            175.83078509397842
                        ]
                    },
                    {
                        "kind": "soft",
                        "position": [
                            -152.04223571710764,
                            176.0809864091102
                        ]
                    },
                    {
                        "kind": "hard",
                        "position": [
                            -151.9913294864885,
                            178.75
                        ]
                    },
                    {
                        "kind": "hard",
                        "position": [
                            -148.09176058060126,
                            232.6668822062744
                        ]
                    },
                    {
                        "kind": "soft",
                        "position": [
                            -147.31383018882548,
                            240.79272719304902
                        ]
                    },
                    {
                        "kind": "soft",
                        "position": [
                            -148.60956859067238,
                            242.93437500000005
                        ]
                    },
                    {
                        "kind": "hard",
                        "position": [
                            -154.19710028303172,
                            243
                        ]
                    },
                    {
                        "kind": "hard",
                        "position": [
                            -160.27616657731352,
                            243
                        ]
                    },
                    {
                        "kind": "hard",
                        "position": [
                            -159.72246761202553,
                            224.75
                        ]
                    },
                    {
                        "kind": "soft",
                        "position": [
                            -158.72693073415496,
                            200.2594670743615
                        ]
                    },
                    {
                        "kind": "hard",
                        "position": [
                            -160.50900475116526,
                            215
                        ]
                    },
                    {
                        "kind": "hard",
                        "position": [
                            -161.92462042779653,
                            233.125
                        ]
                    },
                    {
                        "kind": "hard",
                        "position": [
                            -162,
                            242.75
                        ]
                    },
                    {
                        "kind": "hard",
                        "position": [
                            -165.25,
                            243.5081092880116
                        ]
                    },
                    {
                        "kind": "hard",
                        "position": [
                            -168.5,
                            244.26621857602322
                        ]
                    },
                    {
                        "kind": "hard",
                        "position": [
                            -165.5,
                            244.8914962213371
                        ]
                    },
                    {
                        "kind": "hard",
                        "position": [
                            -162.5,
                            245.51677386665102
                        ]
                    },
                    {
                        "kind": "hard",
                        "position": [
                            -161.89342224283791,
                            278.5083869333255
                        ]
                    },
                    {
                        "kind": "hard",
                        "position": [
                            -159.5185556409175,
                            333.3796247830526
                        ]
                    },
                    {
                        "kind": "hard",
                        "position": [
                            -150.5409123926229,
                            422.0922699606102
                        ]
                    },
                    {
                        "kind": "hard",
                        "position": [
                            -140.0259700565698,
                            463.5
                        ]
                    },
                    {
                        "kind": "soft",
                        "position": [
                            -138.13185853353434,
                            466.18344947187757
                        ]
                    },
                    {
                        "kind": "hard",
                        "position": [
                            -142.99655803046846,
                            447
                        ]
                    },
                    {
                        "kind": "hard",
                        "position": [
                            -149.9723142884476,
                            411
                        ]
                    },
                    {
                        "kind": "soft",
                        "position": [
                            -151.08677548361965,
                            399.23750000000007
                        ]
                    },
                    {
                        "kind": "soft",
                        "position": [
                            -154.0682173372814,
                            370.45624999999995
                        ]
                    },
                    {
                        "kind": "soft",
                        "position": [
                            -154.51309999520726,
                            341.30408043980015
                        ]
                    },
                    {
                        "kind": "soft",
                        "position": [
                            -156.4420904783144,
                            339.0489906300696
                        ]
                    },
                    {
                        "kind": "soft",
                        "position": [
                            -154.00800595726014,
                            338.9696331536073
                        ]
                    },
                    {
                        "kind": "soft",
                        "position": [
                            -153.91416721933223,
                            329.60371747577096
                        ]
                    },
                    {
                        "kind": "soft",
                        "position": [
                            -151.3975785523781,
                            323.38075743744685
                        ]
                    },
                    {
                        "kind": "hard",
                        "position": [
                            -155.51905393522588,
                            314.1079834758516
                        ]
                    },
                    {
                        "kind": "soft",
                        "position": [
                            -162.1112601717531,
                            295.97852839281586
                        ]
                    },
                    {
                        "kind": "hard",
                        "position": [
                            -156.3579274673907,
                            305.81111313264626
                        ]
                    },
                    {
                        "kind": "soft",
                        "position": [
                            -153.97839547709054,
                            310.62221588945874
                        ]
                    },
                    {
                        "kind": "soft",
                        "position": [
                            -153.29777896588388,
                            309.7464974944472
                        ]
                    },
                    {
                        "kind": "hard",
                        "position": [
                            -156.1843721198727,
                            303.40782197004967
                        ]
                    },
                    {
                        "kind": "hard",
                        "position": [
                            -159.38643363298695,
                            296.5
                        ]
                    },
                    {
                        "kind": "hard",
                        "position": [
                            -159.8022187965828,
                            270.75
                        ]
                    },
                    {
                        "kind": "hard",
                        "position": [
                            -160.21800396017863,
                            245
                        ]
                    },
                    {
                        "kind": "hard",
                        "position": [
                            -154.85900198008932,
                            245.01531277451704
                        ]
                    },
                    {
                        "kind": "hard",
                        "position": [
                            -148.18192939835666,
                            245.86639971434226
                        ]
                    },
                    {
                        "kind": "hard",
                        "position": [
                            -145.1720336983605,
                            273.740550865311
                        ]
                    },
                    {
                        "kind": "hard",
                        "position": [
                            -144.21958002295776,
                            279.4708393094411
                        ]
                    },
                    {
                        "kind": "soft",
                        "position": [
                            -143.3800444968689,
                            284.1445197193385
                        ]
                    },
                    {
                        "kind": "hard",
                        "position": [
                            -136.52780694414287,
                            260.88453841236776
                        ]
                    },
                    {
                        "kind": "hard",
                        "position": [
                            -131.97978233656772,
                            246.26907682473546
                        ]
                    },
                    {
                        "kind": "hard",
                        "position": [
                            -127.35031990279231,
                            245.63453841236765
                        ]
                    },
                    {
                        "kind": "hard",
                        "position": [
                            -118.86042873450833,
                            244.99999999999994
                        ]
                    },
                    {
                        "kind": "soft",
                        "position": [
                            -112.18131508924841,
                            238.61415145124067
                        ]
                    },
                    {
                        "kind": "hard",
                        "position": [
                            -117.44671721586792,
                            267.02355727417455
                        ]
                    },
                    {
                        "kind": "hard",
                        "position": [
                            -124.9052046259335,
                            332.3730037546811
                        ]
                    },
                    {
                        "kind": "soft",
                        "position": [
                            -124.97438076226479,
                            334.65698417767567
                        ]
                    },
                    {
                        "kind": "hard",
                        "position": [
                            -117.99809337398437,
                            308
                        ]
                    },
                    {
                        "kind": "hard",
                        "position": [
                            -100.52043879364783,
                            257.1309853657036
                        ]
                    },
                    {
                        "kind": "soft",
                        "position": [
                            -94.77723776482367,
                            241.2126799081874
                        ]
                    },
                    {
                        "kind": "hard",
                        "position": [
                            -84.32791153463995,
                            244
                        ]
                    },
                    {
                        "kind": "soft",
                        "position": [
                            -77.79791831447892,
                            243.72190083843043
                        ]
                    },
                    {
                        "kind": "soft",
                        "position": [
                            -80.32587074800699,
                            248.2254018149821
                        ]
                    },
                    {
                        "kind": "hard",
                        "position": [
                            -82.96140501256923,
                            257.54030645693877
                        ]
                    },
                    {
                        "kind": "soft",
                        "position": [
                            -90.9125640949344,
                            286.79614703242976
                        ]
                    },
                    {
                        "kind": "hard",
                        "position": [
                            -90.91511146041148,
                            318.5
                        ]
                    },
                    {
                        "kind": "soft",
                        "position": [
                            -90.77219277530344,
                            329.75429916308053
                        ]
                    },
                    {
                        "kind": "soft",
                        "position": [
                            -93.81807423596354,
                            337.2181617282705
                        ]
                    },
                    {
                        "kind": "soft",
                        "position": [
                            -94.93869332337272,
                            355.2672723513226
                        ]
                    },
                    {
                        "kind": "soft",
                        "position": [
                            -93.267943872621,
                            350.35304859136903
                        ]
                    },
                    {
                        "kind": "hard",
                        "position": [
                            -93.09968002535061,
                            346.3205553299319
                        ]
                    },
                    {
                        "kind": "soft",
                        "position": [
                            -89.94072648871122,
                            325.3431039114744
                        ]
                    },
                    {
                        "kind": "hard",
                        "position": [
                            -80.05655197365434,
                            297
                        ]
                    },
                    {
                        "kind": "hard",
                        "position": [
                            -69.46635494067766,
                            270.92853169822206
                        ]
                    },
                    {
                        "kind": "hard",
                        "position": [
                            -56.312129712889146,
                            250.35453695377817
                        ]
                    },
                    {
                        "kind": "hard",
                        "position": [
                            -59.850752557378655,
                            259.1700910763604
                        ]
                    },
                    {
                        "kind": "soft",
                        "position": [
                            -67.36840685443576,
                            274.8803113653653
                        ]
                    },
                    {
                        "kind": "hard",
                        "position": [
                            -72.37732427506126,
                            302
                        ]
                    },
                    {
                        "kind": "soft",
                        "position": [
                            -76.26740575731094,
                            323.20627440078795
                        ]
                    },
                    {
                        "kind": "soft",
                        "position": [
                            -74.3808881647036,
                            327.5098168806836
                        ]
                    },
                    {
                        "kind": "hard",
                        "position": [
                            -75.63671273581849,
                            339
                        ]
                    },
                    {
                        "kind": "soft",
                        "position": [
                            -79.32502651362029,
                            382.6875738433695
                        ]
                    },
                    {
                        "kind": "hard",
                        "position": [
                            -76.60322212555525,
                            425.5
                        ]
                    },
                    {
                        "kind": "soft",
                        "position": [
                            -73.14299844251275,
                            464.898220558605
                        ]
                    },
                    {
                        "kind": "hard",
                        "position": [
                            -72.95482120350937,
                            451.72234133649874
                        ]
                    },
                    {
                        "kind": "hard",
                        "position": [
                            -73.59970785133862,
                            435.22234133649874
                        ]
                    },
                    {
                        "kind": "soft",
                        "position": [
                            -76.23313853253649,
                            399.03912802506363
                        ]
                    },
                    {
                        "kind": "hard",
                        "position": [
                            -73.5181430928044,
                            359.5
                        ]
                    },
                    {
                        "kind": "soft",
                        "position": [
                            -72.2109288443653,
                            344.41874999999993
                        ]
                    },
                    {
                        "kind": "soft",
                        "position": [
                            -72.92217829333185,
                            332.34167356360945
                        ]
                    },
                    {
                        "kind": "soft",
                        "position": [
                            -71.68692014259796,
                            341.5800048079143
                        ]
                    },
                    {
                        "kind": "hard",
                        "position": [
                            -69.13634383939893,
                            324.5
                        ]
                    },
                    {
                        "kind": "soft",
                        "position": [
                            -63.86048256586753,
                            287.2775465129495
                        ]
                    },
                    {
                        "kind": "hard",
                        "position": [
                            -47.09254501385601,
                            262.7223492879132
                        ]
                    },
                    {
                        "kind": "hard",
                        "position": [
                            -36.35847141565773,
                            249.57996045244477
                        ]
                    },
                    {
                        "kind": "soft",
                        "position": [
                            -32.65046869525156,
                            242.35820562155345
                        ]
                    },
                    {
                        "kind": "soft",
                        "position": [
                            -24.78012471187867,
                            241.58654190821414
                        ]
                    },
                    {
                        "kind": "hard",
                        "position": [
                            -27.826454971158228,
                            241.23617087730827
                        ]
                    },
                    {
                        "kind": "soft",
                        "position": [
                            -33.72734161873791,
                            243.6352777966806
                        ]
                    },
                    {
                        "kind": "soft",
                        "position": [
                            -9.622549879990629,
                            209.6065429828999
                        ]
                    },
                    {
                        "kind": "soft",
                        "position": [
                            -10.959373411721572,
                            207.14808945628
                        ]
                    },
                    {
                        "kind": "hard",
                        "position": [
                            -12.569649758362402,
                            210.13468778084655
                        ]
                    },
                    {
                        "kind": "hard",
                        "position": [
                            -23.8100537326643,
                            226.0698388020071
                        ]
                    },
                    {
                        "kind": "hard",
                        "position": [
                            -23.199206262466305,
                            223.71637777034755
                        ]
                    },
                    {
                        "kind": "hard",
                        "position": [
                            -17.114297621065816,
                            205
                        ]
                    },
                    {
                        "kind": "soft",
                        "position": [
                            -16.721346683782485,
                            201.12857151761466
                        ]
                    },
                    {
                        "kind": "soft",
                        "position": [
                            -10.816446539821072,
                            200.72041260855872
                        ]
                    },
                    {
                        "kind": "soft",
                        "position": [
                            -10.995856717795505,
                            205.15978305457986
                        ]
                    },
                    {
                        "kind": "hard",
                        "position": [
                            -10,
                            202.5
                        ]
                    },
                    {
                        "kind": "hard",
                        "position": [
                            -9.14057052522071,
                            200.5
                        ]
                    },
                    {
                        "kind": "hard",
                        "position": [
                            -9.037015977903252,
                            202.5
                        ]
                    },
                    {
                        "kind": "soft",
                        "position": [
                            -9.324106501911274,
                            205.43615494831715
                        ]
                    },
                    {
                        "kind": "soft",
                        "position": [
                            -5.160804961483336,
                            200.19687499999998
                        ]
                    },
                    {
                        "kind": "soft",
                        "position": [
                            -0.6404124377615972,
                            199.00405781803158
                        ]
                    },
                    {
                        "kind": "soft",
                        "position": [
                            -0.9287725566985046,
                            211.171875
                        ]
                    },
                    {
                        "kind": "soft",
                        "position": [
                            0.023968981253233324,
                            215.51460489689555
                        ]
                    },
                    {
                        "kind": "soft",
                        "position": [
                            -7.154824968758703,
                            223.8857178007588
                        ]
                    },
                    {
                        "kind": "hard",
                        "position": [
                            -5.591281388093648,
                            224
                        ]
                    },
                    {
                        "kind": "hard",
                        "position": [
                            10.461099312528972,
                            202.77420101202233
                        ]
                    },
                    {
                        "kind": "hard",
                        "position": [
                            18.488607346393792,
                            187.82981748634245
                        ]
                    },
                    {
                        "kind": "hard",
                        "position": [
                            20.783236231962974,
                            181.5
                        ]
                    },
                    {
                        "kind": "hard",
                        "position": [
                            21.97833445724052,
                            185.9288981462014
                        ]
                    },
                    {
                        "kind": "hard",
                        "position": [
                            22.49317328494135,
                            194.9288981462014
                        ]
                    },
                    {
                        "kind": "soft",
                        "position": [
                            21.373133247487658,
                            204.4929731268801
                        ]
                    },
                    {
                        "kind": "soft",
                        "position": [
                            27.92788321376338,
                            176.21443568043492
                        ]
                    },
                    {
                        "kind": "hard",
                        "position": [
                            34.69427459506278,
                            168.79186886749744
                        ]
                    },
                    {
                        "kind": "hard",
                        "position": [
                            37.5,
                            166.10277867303944
                        ]
                    },
                    {
                        "kind": "hard",
                        "position": [
                            37.5,
                            180.53838288101701
                        ]
                    },
                    {
                        "kind": "soft",
                        "position": [
                            37.56502254307429,
                            195.6998458340646
                        ]
                    },
                    {
                        "kind": "hard",
                        "position": [
                            36.25,
                            195.45560874815646
                        ]
                    },
                    {
                        "kind": "soft",
                        "position": [
                            33.592517932335795,
                            196.9686606349452
                        ]
                    },
                    {
                        "kind": "soft",
                        "position": [
                            38.597238350992484,
                            198.2718089004643
                        ]
                    },
                    {
                        "kind": "soft",
                        "position": [
                            43.39455055230576,
                            216.94685244704328
                        ]
                    },
                    {
                        "kind": "hard",
                        "position": [
                            48.05253495205727,
                            230.5
                        ]
                    },
                    {
                        "kind": "hard",
                        "position": [
                            58.29563699258051,
                            270.5815111345612
                        ]
                    },
                    {
                        "kind": "soft",
                        "position": [
                            58.69145574685649,
                            275.3006414158492
                        ]
                    },
                    {
                        "kind": "soft",
                        "position": [
                            59.83093593595163,
                            278.42141864000695
                        ]
                    },
                    {
                        "kind": "soft",
                        "position": [
                            60.78034710153645,
                            298.2331335952749
                        ]
                    },
                    {
                        "kind": "hard",
                        "position": [
                            60.16046828794367,
                            296
                        ]
                    },
                    {
                        "kind": "hard",
                        "position": [
                            59.465289866685225,
                            330
                        ]
                    },
                    {
                        "kind": "soft",
                        "position": [
                            60.6851901173676,
                            376.1526416289863
                        ]
                    },
                    {
                        "kind": "hard",
                        "position": [
                            52.92504116312148,
                            414.430469190876
                        ]
                    },
                    {
                        "kind": "soft",
                        "position": [
                            46.20061335124706,
                            457.54636860820614
                        ]
                    },
                    {
                        "kind": "hard",
                        "position": [
                            56.50537174410215,
                            407.16632607804627
                        ]
                    },
                    {
                        "kind": "soft",
                        "position": [
                            62.21020501376381,
                            381.1823554244458
                        ]
                    },
                    {
                        "kind": "hard",
                        "position": [
                            62.65055760226778,
                            329.5
                        ]
                    },
                    {
                        "kind": "soft",
                        "position": [
                            63.14832566730479,
                            293.4759709463489
                        ]
                    },
                    {
                        "kind": "soft",
                        "position": [
                            65.97356314477611,
                            281.45064508939964
                        ]
                    },
                    {
                        "kind": "hard",
                        "position": [
                            66.669474689646,
                            272.5928192270683
                        ]
                    },
                    {
                        "kind": "soft",
                        "position": [
                            67.75694377413151,
                            252.6434127113788
                        ]
                    },
                    {
                        "kind": "hard",
                        "position": [
                            70.33442563854192,
                            268.5658853228639
                        ]
                    },
                    {
                        "kind": "soft",
                        "position": [
                            78.29840661480478,
                            310.39323724107186
                        ]
                    },
                    {
                        "kind": "hard",
                        "position": [
                            78.3637355582946,
                            353.74516699847635
                        ]
                    },
                    {
                        "kind": "soft",
                        "position": [
                            78.49851705375272,
                            382.31291697260616
                        ]
                    },
                    {
                        "kind": "hard",
                        "position": [
                            80.4597196610946,
                            372.75
                        ]
                    },
                    {
                        "kind": "hard",
                        "position": [
                            85.53648963010562,
                            350.5
                        ]
                    },
                    {
                        "kind": "hard",
                        "position": [
                            91.84875410180894,
                            316.5
                        ]
                    },
                    {
                        "kind": "hard",
                        "position": [
                            98.75155991624172,
                            265.5
                        ]
                    },
                    {
                        "kind": "hard",
                        "position": [
                            99.5,
                            256.5
                        ]
                    },
                    {
                        "kind": "hard",
                        "position": [
                            102.37157649501978,
                            256.7049098283461
                        ]
                    },
                    {
                        "kind": "soft",
                        "position": [
                            105.0308167686876,
                            256.9308167686757
                        ]
                    },
                    {
                        "kind": "soft",
                        "position": [
                            106.26785017698103,
                            258.7975402476694
                        ]
                    },
                    {
                        "kind": "hard",
                        "position": [
                            108.11999536687586,
                            269.64978665078854
                        ]
                    },
                    {
                        "kind": "hard",
                        "position": [
                            111.00170810505779,
                            341.75
                        ]
                    },
                    {
                        "kind": "soft",
                        "position": [
                            111.41722910537635,
                            346.9141667601084
                        ]
                    },
                    {
                        "kind": "hard",
                        "position": [
                            114.03813876542415,
                            339.75
                        ]
                    },
                    {
                        "kind": "hard",
                        "position": [
                            118.34204504642241,
                            328.5
                        ]
                    },
                    {
                        "kind": "soft",
                        "position": [
                            126.87205152344495,
                            307.134848980018
                        ]
                    },
                    {
                        "kind": "hard",
                        "position": [
                            132.99512381757245,
                            271.25354642622676
                        ]
                    },
                    {
                        "kind": "soft",
                        "position": [
                            134.14994577119694,
                            264.59537807587776
                        ]
                    },
                    {
                        "kind": "soft",
                        "position": [
                            136.64706250122936,
                            263.16132871373077
                        ]
                    },
                    {
                        "kind": "hard",
                        "position": [
                            145.5701717469433,
                            264.73035254873196
                        ]
                    },
                    {
                        "kind": "hard",
                        "position": [
                            155.26774601162356,
                            266.5
                        ]
                    },
                    {
                        "kind": "hard",
                        "position": [
                            154.68189536428213,
                            281
                        ]
                    },
                    {
                        "kind": "soft",
                        "position": [
                            155.3009720168775,
                            299.6109700024961
                        ]
                    },
                    {
                        "kind": "hard",
                        "position": [
                            144.9300828698141,
                            323.94188561133825
                        ]
                    },
                    {
                        "kind": "soft",
                        "position": [
                            139.3659114438085,
                            338.74611085036366
                        ]
                    },
                    {
                        "kind": "soft",
                        "position": [
                            139.8335011427912,
                            340.9019867844505
                        ]
                    },
                    {
                        "kind": "soft",
                        "position": [
                            140.6608931631729,
                            337.4887250284746
                        ]
                    },
                    {
                        "kind": "hard",
                        "position": [
                            155.60708236064056,
                            305.14620833248966
                        ]
                    },
                    {
                        "kind": "soft",
                        "position": [
                            161.06352180837803,
                            293.0880201749777
                        ]
                    },
                    {
                        "kind": "hard",
                        "position": [
                            157.5,
                            299
                        ]
                    },
                    {
                        "kind": "soft",
                        "position": [
                            156.19281903482977,
                            301.16612262276715
                        ]
                    },
                    {
                        "kind": "hard",
                        "position": [
                            156.03543541572935,
                            300.1842585459108
                        ]
                    },
                    {
                        "kind": "soft",
                        "position": [
                            156.45891408689295,
                            296.857937544837
                        ]
                    },
                    {
                        "kind": "soft",
                        "position": [
                            161.1470162279561,
                            291.1210610126161
                        ]
                    },
                    {
                        "kind": "soft",
                        "position": [
                            169.6091596781015,
                            268.9825133304165
                        ]
                    },
                    {
                        "kind": "soft",
                        "position": [
                            174.14232770585318,
                            270.1445382594629
                        ]
                    },
                    {
                        "kind": "hard",
                        "position": [
                            185.6130922314635,
                            271.65186582243336
                        ]
                    },
                    {
                        "kind": "soft",
                        "position": [
                            200.46353967026903,
                            273.20003893015075
                        ]
                    },
                    {
                        "kind": "hard",
                        "position": [
                            198,
                            275.47697413070773
                        ]
                    },
                    {
                        "kind": "hard",
                        "position": [
                            189.86910887959448,
                            315.8188024329719
                        ]
                    },
                    {
                        "kind": "hard",
                        "position": [
                            180.5519016607003,
                            359.5078763834975
                        ]
                    },
                    {
                        "kind": "soft",
                        "position": [
                            175.3510667476262,
                            379.7175330054128
                        ]
                    },
                    {
                        "kind": "hard",
                        "position": [
                            177.98710335523447,
                            373.36910211841223
                        ]
                    },
                    {
                        "kind": "hard",
                        "position": [
                            198.13748760726867,
                            290.75
                        ]
                    },
                    {
                        "kind": "soft",
                        "position": [
                            201.66768542089358,
                            270.1786275776339
                        ]
                    },
                    {
                        "kind": "hard",
                        "position": [
                            203.98887769136024,
                            273.9323197187916
                        ]
                    },
                    {
                        "kind": "hard",
                        "position": [
                            206.5,
                            273.86463943758315
                        ]
                    },
                    {
                        "kind": "hard",
                        "position": [
                            204.14164836744794,
                            272.73115749919054
                        ]
                    },
                    {
                        "kind": "soft",
                        "position": [
                            201.25781606013777,
                            272.19871452648476
                        ]
                    },
                    {
                        "kind": "hard",
                        "position": [
                            202.4109470004845,
                            267.048837780399
                        ]
                    },
                    {
                        "kind": "hard",
                        "position": [
                            206.85014477034827,
                            218.08094919402515
                        ]
                    },
                    {
                        "kind": "soft",
                        "position": [
                            207.47528208580638,
                            199.96153003701022
                        ]
                    },
                    {
                        "kind": "soft",
                        "position": [
                            209.98683365445663,
                            199.86955235802031
                        ]
                    },
                    {
                        "kind": "soft",
                        "position": [
                            210.0875000000001,
                            205.67141630560684
                        ]
                    },
                    {
                        "kind": "soft",
                        "position": [
                            211.9504917133222,
                            206.89645317923328
                        ]
                    },
                    {
                        "kind": "hard",
                        "position": [
                            212,
                            203.26043724200235
                        ]
                    },
                    {
                        "kind": "hard",
                        "position": [
                            212,
                            199.40284049525485
                        ]
                    },
                    {
                        "kind": "hard",
                        "position": [
                            221.25,
                            197.14124328760704
                        ]
                    },
                    {
                        "kind": "hard",
                        "position": [
                            238.79630918390717,
                            193.0601805227517
                        ]
                    },
                    {
                        "kind": "soft",
                        "position": [
                            253.4682492745136,
                            189.7109114129314
                        ]
                    },
                    {
                        "kind": "hard",
                        "position": [
                            243.95923564933173,
                            190.0999587190945
                        ]
                    },
                    {
                        "kind": "hard",
                        "position": [
                            238.18085851267915,
                            189.61177670799054
                        ]
                    },
                    {
                        "kind": "hard",
                        "position": [
                            220.15108936438696,
                            191.0312310046686
                        ]
                    },
                    {
                        "kind": "hard",
                        "position": [
                            212.1074993074185,
                            189.27416597407182
                        ]
                    },
                    {
                        "kind": "soft",
                        "position": [
                            211.86002514864026,
                            188.93472790268083
                        ]
                    },
                    {
                        "kind": "soft",
                        "position": [
                            214.2756776521179,
                            185.9803440758402
                        ]
                    },
                    {
                        "kind": "soft",
                        "position": [
                            212.0982139126013,
                            185.8312867859065
                        ]
                    },
                    {
                        "kind": "soft",
                        "position": [
                            211.69191725164717,
                            182.15335924514852
                        ]
                    },
                    {
                        "kind": "soft",
                        "position": [
                            223.24981513244018,
                            177.8593054850253
                        ]
                    },
                    {
                        "kind": "soft",
                        "position": [
                            234.18280363648682,
                            172.25960689732324
                        ]
                    },
                    {
                        "kind": "soft",
                        "position": [
                            238.5875000000001,
                            171.79372966693302
                        ]
                    },
                    {
                        "kind": "soft",
                        "position": [
                            245.48674295699868,
                            168.92221925293575
                        ]
                    },
                    {
                        "kind": "soft",
                        "position": [
                            240.13808297227342,
                            168.9196066520392
                        ]
                    },
                    {
                        "kind": "soft",
                        "position": [
                            242.55657596406797,
                            165.752243752268
                        ]
                    },
                    {
                        "kind": "soft",
                        "position": [
                            228.92403846322236,
                            172.42639603815815
                        ]
                    },
                    {
                        "kind": "soft",
                        "position": [
                            227.59698141211015,
                            168.4254015469994
                        ]
                    },
                    {
                        "kind": "soft",
                        "position": [
                            218.21576212263062,
                            172.0145984782514
                        ]
                    },
                    {
                        "kind": "soft",
                        "position": [
                            212.14657969986354,
                            172.92305970752136
                        ]
                    },
                    {
                        "kind": "soft",
                        "position": [
                            210.21791414992333,
                            173.5035838268907
                        ]
                    },
                    {
                        "kind": "soft",
                        "position": [
                            207.67704443521347,
                            164.12528047084254
                        ]
                    },
                    {
                        "kind": "soft",
                        "position": [
                            202.20703254322189,
                            146.47381475852603
                        ]
                    },
                    {
                        "kind": "hard",
                        "position": [
                            199.94889339010683,
                            137.48565192247997
                        ]
                    },
                    {
                        "kind": "soft",
                        "position": [
                            192.5750586293375,
                            111.98280474336786
                        ]
                    },
                    {
                        "kind": "hard",
                        "position": [
                            175.16193287233193,
                            91.75
                        ]
                    },
                    {
                        "kind": "soft",
                        "position": [
                            171.19717886349622,
                            87.41562500000009
                        ]
                    },
                    {
                        "kind": "soft",
                        "position": [
                            173.054763341461,
                            87.31567439676633
                        ]
                    },
                    {
                        "kind": "soft",
                        "position": [
                            184.32476063521165,
                            94.02350194111011
                        ]
                    },
                    {
                        "kind": "soft",
                        "position": [
                            193.57829202451637,
                            96.72751793360703
                        ]
                    },
                    {
                        "kind": "hard",
                        "position": [
                            214.18301575964017,
                            114.71244789109255
                        ]
                    },
                    {
                        "kind": "soft",
                        "position": [
                            232.82204462406162,
                            130.3965112291139
                        ]
                    },
                    {
                        "kind": "hard",
                        "position": [
                            239.55656396910763,
                            140.4229972396879
                        ]
                    },
                    {
                        "kind": "soft",
                        "position": [
                            249.00381281079854,
                            152.43047950465552
                        ]
                    },
                    {
                        "kind": "hard",
                        "position": [
                            241.14164308269847,
                            140.31041723670592
                        ]
                    },
                    {
                        "kind": "soft",
                        "position": [
                            232.82192238554342,
                            131.3698149018703
                        ]
                    },
                    {
                        "kind": "hard",
                        "position": [
                            233.6236344540224,
                            101
                        ]
                    },
                    {
                        "kind": "soft",
                        "position": [
                            232.5782361650838,
                            74.25822404283872
                        ]
                    },
                    {
                        "kind": "hard",
                        "position": [
                            241.09482833304287,
                            63.07330304808261
                        ]
                    },
                    {
                        "kind": "soft",
                        "position": [
                            244.83037062521078,
                            56.61899357762809
                        ]
                    },
                    {
                        "kind": "soft",
                        "position": [
                            245.48905342947967,
                            57.2922844134896
                        ]
                    },
                    {
                        "kind": "hard",
                        "position": [
                            245.5384513607545,
                            70.75090926766552
                        ]
                    },
                    {
                        "kind": "soft",
                        "position": [
                            245.3081259466702,
                            99.9246822895268
                        ]
                    },
                    {
                        "kind": "hard",
                        "position": [
                            256.35291496330456,
                            115.37839586768757
                        ]
                    },
                    {
                        "kind": "hard",
                        "position": [
                            258.89100739766604,
                            119.11848410458674
                        ]
                    },
                    {
                        "kind": "hard",
                        "position": [
                            260.16147606682875,
                            114.80924205229337
                        ]
                    },
                    {
                        "kind": "soft",
                        "position": [
                            261.2999945355948,
                            110.70746373659813
                        ]
                    },
                    {
                        "kind": "soft",
                        "position": [
                            261.03893368536615,
                            106.85441110319334
                        ]
                    },
                    {
                        "kind": "soft",
                        "position": [
                            262.5057161782695,
                            107.54927871975497
                        ]
                    },
                    {
                        "kind": "hard",
                        "position": [
                            264.7528984448061,
                            103.29837510968889
                        ]
                    },
                    {
                        "kind": "hard",
                        "position": [
                            279.225928039466,
                            85.04501006469536
                        ]
                    },
                    {
                        "kind": "soft",
                        "position": [
                            281.8260187034534,
                            83.43100574202333
                        ]
                    },
                    {
                        "kind": "soft",
                        "position": [
                            292.84375,
                            77.32842445536608
                        ]
                    },
                    {
                        "kind": "soft",
                        "position": [
                            290,
                            77.1245992561752
                        ]
                    },
                    {
                        "kind": "soft",
                        "position": [
                            295.3054159826115,
                            74.101603826256
                        ]
                    },
                    {
                        "kind": "soft",
                        "position": [
                            294.578019810372,
                            77.89748469772098
                        ]
                    },
                    {
                        "kind": "hard",
                        "position": [
                            301.600776734767,
                            76.08254274128012
                        ]
                    },
                    {
                        "kind": "hard",
                        "position": [
                            309,
                            74.56214662546176
                        ]
                    },
                    {
                        "kind": "hard",
                        "position": [
                            313.5,
                            73.95920776836329
                        ]
                    },
                    {
                        "kind": "hard",
                        "position": [
                            310.2404135897717,
                            76.55958424941468
                        ]
                    },
                    {
                        "kind": "soft",
                        "position": [
                            307.3161628422828,
                            79.0135266482373
                        ]
                    },
                    {
                        "kind": "soft",
                        "position": [
                            307.89581461462126,
                            81.18608537292596
                        ]
                    },
                    {
                        "kind": "soft",
                        "position": [
                            304.1805330409495,
                            86.68393564619532
                        ]
                    },
                    {
                        "kind": "soft",
                        "position": [
                            303.7800963783134,
                            90.11965046484931
                        ]
                    },
                    {
                        "kind": "soft",
                        "position": [
                            299.099941063198,
                            101.24868102528728
                        ]
                    },
                    {
                        "kind": "soft",
                        "position": [
                            296.8667601608091,
                            115.1332284642209
                        ]
                    },
                    {
                        "kind": "soft",
                        "position": [
                            295.55155375115487,
                            121.89374999999995
                        ]
                    },
                    {
                        "kind": "soft",
                        "position": [
                            296.7008112595473,
                            137.19965124066334
                        ]
                    },
                    {
                        "kind": "hard",
                        "position": [
                            296.88185830105294,
                            132
                        ]
                    },
                    {
                        "kind": "soft",
                        "position": [
                            297.3699070741276,
                            120.70595707021073
                        ]
                    },
                    {
                        "kind": "hard",
                        "position": [
                            301.09922905722715,
                            116.27526827825261
                        ]
                    },
                    {
                        "kind": "hard",
                        "position": [
                            314.48934717531495,
                            105.15601384199715
                        ]
                    },
                    {
                        "kind": "hard",
                        "position": [
                            312.9383830291066,
                            111.95015181574774
                        ]
                    },
                    {
                        "kind": "soft",
                        "position": [
                            308.2158276323063,
                            126.81001014685148
                        ]
                    },
                    {
                        "kind": "hard",
                        "position": [
                            307.3951468968638,
                            153.5
                        ]
                    },
                    {
                        "kind": "hard",
                        "position": [
                            306.8372363208176,
                            170.5
                        ]
                    },
                    {
                        "kind": "hard",
                        "position": [
                            310.17628621204096,
                            164.80356510582942
                        ]
                    },
                    {
                        "kind": "soft",
                        "position": [
                            313.63976221378016,
                            159.0293640340633
                        ]
                    },
                    {
                        "kind": "soft",
                        "position": [
                            336.4798376211844,
                            137.7863176929469
                        ]
                    },
                    {
                        "kind": "soft",
                        "position": [
                            338.27297938016295,
                            135.0830233919404
                        ]
                    },
                    {
                        "kind": "soft",
                        "position": [
                            341.46818247492786,
                            134.60134937843236
                        ]
                    },
                    {
                        "kind": "soft",
                        "position": [
                            340.0786825511642,
                            142.95166404449537
                        ]
                    },
                    {
                        "kind": "soft",
                        "position": [
                            337.13798478516924,
                            146.62861812735412
                        ]
                    },
                    {
                        "kind": "soft",
                        "position": [
                            336.50025100776475,
                            150.64438980876355
                        ]
                    },
                    {
                        "kind": "hard",
                        "position": [
                            331.4430130660238,
                            164
                        ]
                    },
                    {
                        "kind": "hard",
                        "position": [
                            315.8198337052655,
                            219
                        ]
                    },
                    {
                        "kind": "hard",
                        "position": [
                            313.5,
                            229.5
                        ]
                    },
                    {
                        "kind": "hard",
                        "position": [
                            312.98439144720976,
                            222.5
                        ]
                    },
                    {
                        "kind": "soft",
                        "position": [
                            312.53776516530274,
                            211.32991497900684
                        ]
                    },
                    {
                        "kind": "hard",
                        "position": [
                            311.62233086704396,
                            228.5
                        ]
                    },
                    {
                        "kind": "hard",
                        "position": [
                            306.9482801360499,
                            269.5
                        ]
                    },
                    {
                        "kind": "soft",
                        "position": [
                            302.8262247819897,
                            302.248040211873
                        ]
                    },
                    {
                        "kind": "hard",
                        "position": [
                            298.8360491941835,
                            308
                        ]
                    },
                    {
                        "kind": "soft",
                        "position": [
                            296.8510913180918,
                            310.3600045184931
                        ]
                    },
                    {
                        "kind": "hard",
                        "position": [
                            299.94337878308363,
                            289.47267203527616
                        ]
                    },
                    {
                        "kind": "soft",
                        "position": [
                            305.07640221213296,
                            252.1508711518586
                        ]
                    },
                    {
                        "kind": "hard",
                        "position": [
                            303.06547476579976,
                            221.93593754730716
                        ]
                    },
                    {
                        "kind": "soft",
                        "position": [
                            301.88996551209846,
                            205.67564453538932
                        ]
                    },
                    {
                        "kind": "soft",
                        "position": [
                            299.8147300762346,
                            194.84227602838155
                        ]
                    },
                    {
                        "kind": "hard",
                        "position": [
                            300.57601893801007,
                            202
                        ]
                    },
                    {
                        "kind": "hard",
                        "position": [
                            301.9551384950611,
                            257.42886156302995
                        ]
                    },
                    {
                        "kind": "soft",
                        "position": [
                            296.8094426963445,
                            322.99061338898275
                        ]
                    },
                    {
                        "kind": "hard",
                        "position": [
                            282.1697434512902,
                            368
                        ]
                    },
                    {
                        "kind": "hard",
                        "position": [
                            272.31359475173645,
                            391.64692808506925
                        ]
                    },
                    {
                        "kind": "hard",
                        "position": [
                            273.91943075393,
                            378.8451388973059
                        ]
                    },
                    {
                        "kind": "soft",
                        "position": [
                            285.2379349249296,
                            311.3281387524275
                        ]
                    },
                    {
                        "kind": "hard",
                        "position": [
                            279.886545967463,
                            256.7825243314976
                        ]
                    },
                    {
                        "kind": "soft",
                        "position": [
                            277.9099264893455,
                            238.47909517154403
                        ]
                    },
                    {
                        "kind": "soft",
                        "position": [
                            276.90436899526424,
                            245.16795334616359
                        ]
                    },
                    {
                        "kind": "soft",
                        "position": [
                            274.96027449410155,
                            239.15379272568362
                        ]
                    },
                    {
                        "kind": "hard",
                        "position": [
                            275.5920361903105,
                            244
                        ]
                    },
                    {
                        "kind": "hard",
                        "position": [
                            278.96880789425984,
                            290.17135825888386
                        ]
                    },
                    {
                        "kind": "soft",
                        "position": [
                            278.35759213521817,
                            338.14429018470145
                        ]
                    },
                    {
                        "kind": "hard",
                        "position": [
                            271.37647600883577,
                            377.4521795002134
                        ]
                    },
                    {
                        "kind": "soft",
                        "position": [
                            260.73831796899753,
                            422.03126254464325
                        ]
                    },
                    {
                        "kind": "hard",
                        "position": [
                            239.33493608538333,
                            464.7319919714545
                        ]
                    },
                    {
                        "kind": "hard",
                        "position": [
                            215.62953791421478,
                            498.2773678638971
                        ]
                    },
                    {
                        "kind": "soft",
                        "position": [
                            212.14109826408537,
                            502.586769688091
                        ]
                    },
                    {
                        "kind": "soft",
                        "position": [
                            213.48188151653414,
                            502.0871287137169
                        ]
                    },
                    {
                        "kind": "soft",
                        "position": [
                            229.72710279417242,
                            483.08178622352733
                        ]
                    },
                    {
                        "kind": "hard",
                        "position": [
                            230.86249636687717,
                            482.52916303354596
                        ]
                    },
                    {
                        "kind": "hard",
                        "position": [
                            222.30013202730834,
                            496.3267252819444
                        ]
                    },
                    {
                        "kind": "soft",
                        "position": [
                            220.2012615523895,
                            498.8370629258838
                        ]
                    },
                    {
                        "kind": "soft",
                        "position": [
                            219.5843749999999,
                            498.05360821946164
                        ]
                    },
                    {
                        "kind": "soft",
                        "position": [
                            210.828125,
                            506.5259196828413
                        ]
                    },
                    {
                        "kind": "soft",
                        "position": [
                            208.5835227272728,
                            507.1064146422982
                        ]
                    },
                    {
                        "kind": "soft",
                        "position": [
                            208.28579545454363,
                            509.3614583333332
                        ]
                    },
                    {
                        "kind": "soft",
                        "position": [
                            205.69369802944516,
                            508.92892530216966
                        ]
                    },
                    {
                        "kind": "soft",
                        "position": [
                            206.75419201673776,
                            510.49943548831936
                        ]
                    },
                    {
                        "kind": "hard",
                        "position": [
                            204.75914631054115,
                            512.8000240810389
                        ]
                    },
                    {
                        "kind": "hard",
                        "position": [
                            202.5,
                            515.2484222076661
                        ]
                    },
                    {
                        "kind": "hard",
                        "position": [
                            205,
                            514.5348771888757
                        ]
                    },
                    {
                        "kind": "soft",
                        "position": [
                            208.35245167389485,
                            513.2266958778346
                        ]
                    },
                    {
                        "kind": "hard",
                        "position": [
                            203,
                            517.990707993875
                        ]
                    },
                    {
                        "kind": "hard",
                        "position": [
                            161.32693503185237,
                            550.9145212255839
                        ]
                    },
                    {
                        "kind": "soft",
                        "position": [
                            126.43087783087458,
                            572.8671001663326
                        ]
                    },
                    {
                        "kind": "hard",
                        "position": [
                            73.3284219840109,
                            586.6403133315227
                        ]
                    },
                    {
                        "kind": "hard",
                        "position": [
                            44.54280079251589,
                            589.4580760071142
                        ]
                    },
                    {
                        "kind": "soft",
                        "position": [
                            23.787713047567877,
                            589.3025560508066
                        ]
                    },
                    {
                        "kind": "soft",
                        "position": [
                            41.189259284509944,
                            592.0637468420374
                        ]
                    },
                    {
                        "kind": "hard",
                        "position": [
                            18.5,
                            591.7361929725121
                        ]
                    }
                ]
            }
        ],
        "strategy": "compact-bucket"
    },
    "requestedBoundaryAllowance": 2,
    "result": {
        "cancelled": true,
        "coveredArea": 0,
        "error": "",
        "outsideArea": 0,
        "placements": [
        ],
        "residualArea": 190232.42844274326,
        "shapeCount": 0,
        "shapeLimit": 0,
        "targetArea": 190232.42844274326,
        "timedOut": false
    },
    "searchScale": 1.2645199882812501,
    "selected": [
    ],
    "shapeIds": {
    },
    "spillArea": 0,
    "totalCandidates": 395
}
